,nombre_completo_censo,año,ADM0NAME,ADM1NAME,ADM2NAME,poblacion,hombre,mujer,nacio_aqui,indigena,Afrodescendiente,discapacitado,alfabeto_si,alfabeto_no,alfabeto_si_15_o_mas,alfabeto_no_15_o_mas,sin_escolaridad_o_preescolar,primaria,secundaria,terciaria,posgrado,Ocupado,desocupado,inactivo,cantidad_de_viviendas,casa_o_departamento,viviendas_sin_bano,viviendas_sin_celular,viviendas_sin_agua_por_caneria_dentro_de_la_vivienda,viviendas_sin_electricidad,vivirendas_sin_alcantarillado,viviendas_sin_servicio_de_basura,viviendas_sin_internet,personas_en_casa_o_depto,personas_sin_cel,personas_sin_agua_por_caneria,personas_sin_alcantarillado,personas_sin_bano,personas_sin_electricidad,personas_sin_internet,personas_sin_servicio_basura,urb_poblacion,urb_hombre,urb_mujer,urb_nacio_aqui,urb_indigena,urb_Afrodescendiente,urb_discapacitado,urb_alfabeto_si,urb_alfabeto_no,urb_alfabeto_si_15_o_mas,urb_alfabeto_no_15_o_mas,urb_sin_escolaridad_o_preescolar,urb_primaria,urb_secundaria,urb_terciaria,urb_posgrado,urb_Ocupado,urb_desocupado,urb_inactivo,urb_cantidad_de_viviendas,urb_casa_o_departamento,urb_viviendas_sin_bano,urb_viviendas_sin_celular,urb_viviendas_sin_agua_por_caneria_dentro_de_la_vivienda,urb_viviendas_sin_electricidad,urb_vivirendas_sin_alcantarillado,urb_viviendas_sin_servicio_de_basura,urb_viviendas_sin_internet,urb_personas_en_casa_o_depto,urb_personas_sin_cel,urb_personas_sin_agua_por_caneria,urb_personas_sin_alcantarillado,urb_personas_sin_bano,urb_personas_sin_electricidad,urb_personas_sin_internet,urb_personas_sin_servicio_basura,Ciudad_norm_x,Estado_norm_x,estado_censo,estado_gdf,similitud_estado,indice,Estado_censo,nombre_censo,nombre_gdf,similitud,estado,ciudad,latitud,longitud,detalles,Ciudad_norm_y,Estado_norm_y,index_right,limraisg,area_sig_h,shape_Leng,shape_Area,Amazonas
0,Abaroa_Oruro,2012,Bolivia,Oruro,Abaroa,32355,15736,16619,24554,22475,12415,1018,25972,2970,19396,1919,3786,12482,10953,1634,74,13747,2641,11042,13320,12082,8173,6630,8408,3798,648,8202,11081,29029,16516,22398,1974,22122,8977,30984,21350,12684,6650,6034,8645,6834,2109,10362,849,7495,448,1154,3834,5168,971,44,4405,2934,5345,4061,3650,1777,1127,1442,429,129,611,3432,11029,3352,4674,499,5824,1222,11508,1972,,abaroa,oruro,oruro,oruro,100,0,oruro,abaroa,abaroa,100,,,,,,,,,,,,,False
1,Abel Iturralde_La Paz,2012,Bolivia,La Paz,Abel Iturralde,18073,8237,9836,9534,10814,1637,497,14660,1164,10925,394,1456,6023,7507,796,25,7666,595,6432,4819,4110,1026,2379,3636,1648,2657,3425,4225,15133,8709,14035,10595,3543,5662,16373,13382,7482,3483,3999,3876,3131,713,6143,422,4617,129,564,2160,3351,457,13,3076,1543,2863,2099,1677,218,407,1346,194,1168,1097,1793,6020,1357,5077,4583,688,607,6838,4280,,abel iturralde,la paz,la paz,la paz,100,0,la paz,abel iturralde,abel iturralde,100,La Paz,Abel Iturralde,-13.2222754,-68.0597746,"Provincia Abel Iturralde, La Paz, Bolivia",abel iturralde,la paz,0.0,1.0,846654806.58,215.60126354,692.668742221,True
2,Abuna_Pando,2012,Bolivia,Pando,Abuna,4049,1654,2395,1451,983,111,87,3202,295,2400,80,336,1416,1616,121,5,1588,182,1449,1010,917,220,711,918,340,728,946,951,3621,2715,3668,3089,698,1062,3773,3741,0,0,0,0,0,0,0,0,0,0,0,0,0,0,0,0,0,0,0,0,0,0,0,0,0,0,0,0,0,0,0,0,0,0,0,,abuna,pando,pando,pando,100,0,pando,abuna,abuna,100,Pando,Abuna,-9.7887819,-65.5325438,"Abuna (base naval), Canton Rio Negro, Municipio Nueva Esperanza, Provincia del General Federico Román, Pando, Bolivia",abuna,pando,0.0,1.0,846654806.58,215.60126354,692.668742221,True
3,Alonso de Ibañez_Potosi,2012,Bolivia,Potosi,Alonso de Ibañez,28315,13774,14541,22861,22344,10353,543,21237,3644,14926,2560,4282,12768,7224,550,26,13599,2121,7776,9541,8428,7094,6460,7123,3846,594,7422,8334,25135,21128,24092,2090,24207,11942,27939,25650,2403,1226,1177,1637,1490,170,1954,200,1512,139,243,685,1017,176,10,1045,493,865,1181,1036,338,407,530,157,12,153,904,2085,842,1277,32,795,330,2235,379,,alonso ibanez,potosi,potosi,potosi,100,0,potosi,alonso ibanez,alonso ibanez,100,,,,,,,,,,,,,False
4,Andrés Ibañez_Santa Cruz,2012,Bolivia,Santa Cruz,Andrés Ibañez,1654311,830779,823532,1187853,285520,28473,55686,1421385,69989,1122521,19906,95060,397795,716540,277090,17349,741745,60975,612747,449009,346268,20086,64597,121783,8061,192571,45421,321052,1320020,224139,488863,793981,77669,27399,1252172,187286,1581636,796907,784729,1138685,266714,28057,1363106,64534,1080097,17256,88307,369120,690961,257255,17237,711223,284500,585913,429565,329356,13917,57147,109798,4780,181546,29601,304236,1256526,196576,440762,747257,54214,16627,1183711,122641,,andres ibanez,santa cruz,santa cruz,santa cruz,100,0,santa cruz,andres ibanez,andres ibanez,100,Santa Cruz,Andrés Ibañez,-17.7933038,-63.1869934,"Andrés Ibañez, Avenida Cañoto, La Adobería, Centro, Municipio Santa Cruz de la Sierra, Provincia Andrés Ibáñez, Santa Cruz, Bolivia",andres ibanez,santa cruz,0.0,1.0,846654806.58,215.60126354,692.668742221,True
5,Angel Sandoval_Santa Cruz,2012,Bolivia,Santa Cruz,Angel Sandoval,14470,6898,7572,11255,7615,210,362,11946,721,8725,211,921,5156,6114,448,28,5148,755,6232,3456,3059,417,1646,2183,753,2760,2455,3151,12894,7293,9968,12109,1825,3448,13875,11252,6336,3139,3197,4602,2866,182,5357,294,4028,68,410,1821,3088,298,23,2352,1233,2751,1610,1353,101,397,704,72,1371,764,1444,5285,1420,3023,5513,416,297,5843,3325,,angel sandoval,santa cruz,santa cruz,santa cruz,100,1,santa cruz,angel sandoval,angel sandoval,100,,,,,,,,,,,,,False
6,Aniceto Arce_Tarija,2012,Bolivia,Tarija,Aniceto Arce,53186,26340,26846,31639,10817,501,2065,44095,4136,34780,2393,4884,19758,18987,4421,211,25523,2047,18344,16861,14538,3393,4997,6339,1396,4021,6305,13371,46213,16316,22531,15075,11595,4042,48329,22469,29564,14945,14619,17562,3041,425,25129,1798,20231,914,2254,8998,12048,3301,183,14149,4969,10446,8602,7142,381,1394,1828,173,1236,714,6906,24995,4596,6978,4890,1355,548,25681,2852,,aniceto arce,tarija,tarija,tarija,100,0,tarija,aniceto arce,aniceto arce,100,,,,,,,,,,,,,False
7,Antonio Quijarro_Potosi,2012,Bolivia,Potosi,Antonio Quijarro,55327,27941,27386,32596,34620,4974,1887,45056,3895,33508,2158,5235,17678,21890,4013,187,20981,2831,22210,22037,19225,11794,8963,12730,4544,2740,10139,17578,48671,24704,37649,8359,34308,11535,52669,29297,26238,13549,12689,12889,12432,1348,21654,1312,16073,405,1980,6736,11437,2595,133,9470,5708,11060,9075,7604,2699,1394,3650,281,2221,1274,7644,22103,4027,11507,6815,8174,692,24077,4103,,antonio quijarro,potosi,potosi,potosi,100,1,potosi,antonio quijarro,antonio quijarro,100,,,,,,,,,,,,,False
8,Arani_Cochabamba,2012,Bolivia,Cochabamba,Arani,18444,9651,8793,16674,14208,35,591,14622,2265,11231,1807,2874,7204,5986,792,41,8056,1606,6397,9297,8764,3763,3221,3786,1634,1626,5528,6277,17440,7674,10576,5251,9948,3777,18041,15549,3542,1851,1691,3036,2059,13,3031,214,2302,129,294,1058,1497,369,20,1359,592,1591,1366,1334,232,208,355,36,138,293,1010,3411,504,1142,485,632,76,3305,881,,arani,cochabamba,cochabamba,cochabamba,100,0,cochabamba,arani,arani,100,Cochabamba,Arani,-17.5996321,-65.6653538,"Arani, Cochabamba, Bolivia",arani,cochabamba,0.0,1.0,846654806.58,215.60126354,692.668742221,True
9,Aroma_La Paz,2012,Bolivia,La Paz,Aroma,98205,48360,49845,86384,80370,81974,3073,82782,6775,63672,3994,9587,35394,41181,3236,140,45062,8508,31644,35115,30309,20919,17375,26242,10541,8094,27165,30972,84861,47218,81200,27049,62952,25811,96194,84649,28274,14364,13910,22394,21044,21532,23699,1713,18049,873,2422,8398,12977,1466,55,11405,6329,10540,9427,7840,4721,3300,5289,1513,1624,4512,8194,23452,9454,17545,5656,15304,3718,26886,15565,,aroma,la paz,la paz,la paz,100,1,la paz,aroma,aroma,100,,,,,,,,,,,,,False
10,Arque_Cochabamba,2012,Bolivia,Cochabamba,Arque,20850,10560,10290,19163,18402,43,421,14388,3742,10083,2771,4144,9464,4341,174,9,8881,1807,6335,8124,7597,4806,5335,5763,3770,1768,6605,6623,19520,15797,17850,6260,14170,10937,20548,20490,0,0,0,0,0,0,0,0,0,0,0,0,0,0,0,0,0,0,0,0,0,0,0,0,0,0,0,0,0,0,0,0,0,0,0,,arque,cochabamba,cochabamba,cochabamba,100,1,cochabamba,arque,arque,100,Cochabamba,Arque,-17.823118,-66.5598986,"Arque, Cochabamba, Bolivia",arque,cochabamba,0.0,1.0,846654806.58,215.60126354,692.668742221,True
11,Aviles_Tarija,2012,Bolivia,Tarija,Aviles,20271,10196,10075,14890,7510,22,838,16181,2095,12449,1441,2358,9012,5965,909,36,10418,1035,6002,6889,6182,1968,2653,3758,1320,2959,4458,5565,18505,8141,13308,10397,6883,3992,19428,15753,0,0,0,0,0,0,0,0,0,0,0,0,0,0,0,0,0,0,0,0,0,0,0,0,0,0,0,0,0,0,0,0,0,0,0,,aviles,tarija,tarija,tarija,100,1,tarija,aviles,aviles,100,,,,,,,,,,,,,False
12,Ayopaya_Cochabamba,2012,Bolivia,Cochabamba,Ayopaya,54531,26250,28281,47442,46048,3670,1163,41183,7105,29841,4793,8163,25749,13677,670,26,23406,3751,17842,20265,18389,12545,11662,13956,8412,3027,15250,16146,50209,37198,46353,10622,41414,26149,53500,51162,0,0,0,0,0,0,0,0,0,0,0,0,0,0,0,0,0,0,0,0,0,0,0,0,0,0,0,0,0,0,0,0,0,0,0,,ayopaya,cochabamba,cochabamba,cochabamba,100,2,cochabamba,ayopaya,ayopaya,100,Cochabamba,Ayopaya,-16.5617261,-66.446799,"Ayopaya, Cochabamba, Bolivia",ayopaya,cochabamba,0.0,1.0,846654806.58,215.60126354,692.668742221,True
13,Azurduy_Chuquisaca,2012,Bolivia,Chuquisaca,Azurduy,24913,12262,12651,21541,19451,36,983,17385,4909,11045,3563,5351,10622,5691,612,21,8614,1610,10327,7674,6964,4728,4910,4535,4318,647,5371,5923,22822,20193,18946,2503,19807,18274,24339,22310,0,0,0,0,0,0,0,0,0,0,0,0,0,0,0,0,0,0,0,0,0,0,0,0,0,0,0,0,0,0,0,0,0,0,0,,azurduy,chuquisaca,chuquisaca,chuquisaca,100,0,chuquisaca,azurduy,azurduy,100,Chuquisaca,Azurduy,-20.105,-64.414444,"Azurduy, Municipio Villa Azurduy, Provincia Azurduy, Chuquisaca, Bolivia",azurduy,chuquisaca,0.0,1.0,846654806.58,215.60126354,692.668742221,True
14,Bautista Saavedra_La Paz,2012,Bolivia,La Paz,Bautista Saavedra,16308,7882,8426,14910,14050,1420,412,12363,2173,9055,1645,2584,6039,5431,468,30,7181,1339,5156,4980,4482,3808,3455,3907,2078,449,3966,4526,14888,11479,14031,1549,13760,6042,16169,14374,3304,1649,1655,3241,2871,18,2423,493,1772,412,560,1074,1162,112,7,1666,653,985,645,624,599,408,531,155,32,602,634,3226,1950,2761,186,3071,671,3274,3117,,bautista saavedra,la paz,la paz,la paz,100,2,la paz,bautista saavedra,bautista saavedra,100,,,,,,,,,,,,,False
15,Belisario Boeto_Chuquisaca,2012,Bolivia,Chuquisaca,Belisario Boeto,11161,5453,5708,8429,5687,57,533,8568,1447,6283,1109,1607,4668,3246,478,18,4458,568,4571,4563,4183,1701,1739,1609,1223,412,2245,3148,10225,5746,5778,1478,6081,4254,10766,8021,3298,1692,1606,2164,1262,52,2748,227,2119,139,292,949,1344,363,18,1192,604,1502,1309,1138,133,207,170,30,18,99,990,2787,497,529,53,419,80,3018,311,,belisario boeto,chuquisaca,chuquisaca,chuquisaca,100,1,chuquisaca,belisario boeto,belisario boeto,100,Chuquisaca,Belisario Boeto,-18.916667,-64.333333,"Provincia Belisario Boeto, Chuquisaca, Bolivia",belisario boeto,chuquisaca,0.0,1.0,846654806.58,215.60126354,692.668742221,True
16,Bernardino Bilbao Rioja_Potosi,2012,Bolivia,Potosi,Bernardino Bilbao Rioja,10331,5143,5188,8232,8108,126,306,7912,1135,5469,755,1385,4573,2789,288,13,3999,657,3847,3702,3293,2547,2233,2530,1337,293,2794,3001,9458,7408,8721,894,8797,4343,10174,9514,0,0,0,0,0,0,0,0,0,0,0,0,0,0,0,0,0,0,0,0,0,0,0,0,0,0,0,0,0,0,0,0,0,0,0,,bernardino bilbao rioja,potosi,potosi,potosi,100,2,potosi,bernardino bilbao rioja,bernardino bilbao rioja,100,Potosi,Bernardino Bilbao Rioja,-17.981957,-66.0881515,"Provincia General Bernardino Bilbao Rioja, Potosí, Bolivia",bernardino bilbao rioja,potosi,0.0,1.0,846654806.58,215.60126354,692.668742221,True
17,Bolívar_Cochabamba,2012,Bolivia,Cochabamba,Bolívar,7279,3459,3820,6417,5957,38,202,5451,1081,4140,801,1275,3348,1804,99,6,3829,584,1758,2834,2599,2226,1798,1626,1210,140,2238,2364,6673,5069,4725,444,6727,3271,7167,6840,0,0,0,0,0,0,0,0,0,0,0,0,0,0,0,0,0,0,0,0,0,0,0,0,0,0,0,0,0,0,0,0,0,0,0,,bolivar,cochabamba,cochabamba,cochabamba,100,3,cochabamba,bolivar,bolivar,100,Cochabamba,Bolívar,-18.0133407,-66.6355901,"Bolívar, Cochabamba, Bolivia",bolivar,cochabamba,0.0,1.0,846654806.58,215.60126354,692.668742221,True
18,Burnet O' Oconnor_Tarija,2012,Bolivia,Tarija,Burnet O' Oconnor,21991,10361,11630,14552,6017,43,753,17144,2269,13134,1418,2486,8624,6995,1250,60,9768,1052,7660,6475,5696,2148,3437,3322,1736,2095,4196,5324,18790,12649,12492,8087,8189,6428,19777,16108,4044,2064,1980,2662,402,21,3349,243,2670,105,273,1187,1635,470,24,1859,806,1379,1358,1075,64,249,191,32,131,34,1108,3192,692,603,452,211,96,3622,115,,burnet oconnor,tarija,tarija,tarija,100,2,tarija,burnet oconnor,burnet oconnor,100,,,,,,,,,,,,,False
19,Camacho_La Paz,2012,Bolivia,La Paz,Camacho,54072,26433,27639,49856,46865,47859,2761,42265,7952,33277,6580,9632,20902,18275,1346,64,28351,5415,14290,24253,21740,17481,16145,19701,10008,4023,21251,22066,48469,35926,48188,10501,41784,20392,53530,51800,0,0,0,0,0,0,0,0,0,0,0,0,0,0,0,0,0,0,0,0,0,0,0,0,0,0,0,0,0,0,0,0,0,0,0,,camacho,la paz,la paz,la paz,100,3,la paz,camacho,camacho,100,La Paz,Camacho,-16.5004242,-68.1327225,"Camacho / Prado, Pasaje Peatonal Marina Nuñez del Prado, Casco Viejo, Centro, La Paz, Pedro Domingo Murillo, La Paz, Bolivia",camacho,la paz,0.0,1.0,846654806.58,215.60126354,692.668742221,True
20,Campero_Cochabamba,2012,Bolivia,Cochabamba,Campero,35763,17622,18141,28734,22963,122,1153,28578,3728,20498,2414,4471,15002,11383,1396,63,13864,1705,14700,12070,11103,5164,5259,5215,3552,2189,6366,9360,33140,18347,19279,9504,18842,12364,35035,23504,10997,5738,5259,8359,4692,86,9263,736,6955,429,945,3200,4759,1009,49,4303,1993,4701,3213,2841,315,661,496,109,508,249,2740,9970,2278,2282,2809,1287,394,10529,1079,,campero,cochabamba,cochabamba,cochabamba,100,4,cochabamba,campero,campero,100,Cochabamba,Campero,-18.2740573,-64.9101337,"Campero, Cochabamba, Bolivia",campero,cochabamba,0.0,1.0,846654806.58,215.60126354,692.668742221,True
21,Capinota_Cochabamba,2012,Bolivia,Cochabamba,Capinota,29744,15032,14712,22856,19905,190,942,23777,2923,17981,2074,3684,11953,9513,1483,57,12311,1759,11183,10863,10190,4626,4549,5620,2777,2968,6857,9173,27823,11447,16736,10233,12679,6632,28266,20348,9217,4770,4447,6131,4479,68,7605,614,5670,349,818,3028,3572,735,31,3620,1864,3733,2871,2639,459,573,881,119,751,502,2392,8458,1643,3019,2721,1489,314,8305,1734,,capinota,cochabamba,cochabamba,cochabamba,100,5,cochabamba,capinota,capinota,100,Cochabamba,Capinota,-17.7120194,-66.267939,"Capinota, Cochabamba, Bolivia",capinota,cochabamba,0.0,1.0,846654806.58,215.60126354,692.668742221,True
22,Caranavi_La Paz,2012,Bolivia,La Paz,Caranavi,61524,28804,32720,37832,40787,36322,1708,51534,3867,39322,1866,5088,20679,26390,3131,96,32875,3380,15957,22183,18511,9273,12798,17005,9057,8378,16715,20741,51488,34996,48183,24995,25177,24896,58593,47492,13299,6372,6927,7706,5806,5052,11536,635,9181,280,878,3415,6405,1386,53,6593,2370,4336,4863,3122,897,1298,1512,575,533,649,4051,8601,3253,4054,1636,2301,1315,11194,1711,,caranavi,la paz,la paz,la paz,100,4,la paz,caranavi,caranavi,100,La Paz,Caranavi,-15.6946194,-67.3920699,"Caranavi, La Paz, Bolivia",caranavi,la paz,0.0,1.0,846654806.58,215.60126354,692.668742221,True
23,Carangas_Oruro,2012,Bolivia,Oruro,Carangas,11071,5252,5819,9267,9541,9835,463,9322,792,7422,461,1050,3711,4806,526,34,4844,712,4024,5330,4772,3449,2608,3400,1906,177,3616,3669,10099,7446,10109,620,10064,5620,10786,10638,0,0,0,0,0,0,0,0,0,0,0,0,0,0,0,0,0,0,0,0,0,0,0,0,0,0,0,0,0,0,0,0,0,0,0,,carangas,oruro,oruro,oruro,100,1,oruro,carangas,carangas,100,,,,,,,,,,,,,False
24,Carrasco_Cochabamba,2012,Bolivia,Cochabamba,Carrasco,135484,64078,71406,82689,96788,1816,3448,109087,11199,80950,6036,14271,57458,44066,4314,165,62759,5836,44055,55527,47977,23304,29318,40062,21646,19464,38649,47232,115263,69791,106526,56839,58234,48595,128722,101911,33247,16850,16397,17271,18020,787,27068,2147,19724,837,2959,11112,13005,1968,91,13700,7380,12167,11329,7809,1784,3201,5945,1300,4316,3185,9519,23133,8815,18332,14608,4657,3319,29847,9840,,carrasco,cochabamba,cochabamba,cochabamba,100,6,cochabamba,carrasco,carrasco,100,Cochabamba,Carrasco,-16.9932247,-64.947181,"Carrasco, Cochabamba, Bolivia",carrasco,cochabamba,0.0,1.0,846654806.58,215.60126354,692.668742221,True
25,Cercado_Beni,2012,Bolivia,Beni,Cercado,111873,55809,56064,80816,25770,1842,3485,94239,5344,73543,1143,7074,26046,49368,16585,949,47261,4205,42704,28191,22804,2448,8044,14178,2054,16031,4599,22267,92787,31257,61095,69600,9364,7831,92471,19223,101628,51265,50363,75785,20959,1743,85907,4743,67207,960,6338,22473,45078,15340,928,42935,19572,39121,25685,20460,2027,6427,12116,1188,14099,2278,19930,83253,24882,52643,61310,7858,4606,82760,9543,,cercado,beni,beni,beni,100,0,beni,cercado,cercado,100,Beni,Cercado,-17.3795589,-66.1536276,"Beni, Avenida Uyuni, Recoleta, Adela Zamudio, Cochabamba, Cercado, Cochabamba, Bolivia",cercado,beni,0.0,1.0,846654806.58,215.60126354,692.668742221,True
26,Cercado_Cochabamba,2012,Bolivia,Cochabamba,Cercado,632013,327336,304677,433404,170364,34099,22706,548332,27879,438120,10871,39530,144061,248100,141695,10425,266439,23150,257718,195775,163560,23122,27836,70778,7004,41829,17951,145877,538877,79632,244090,156671,70238,17530,504547,58875,632013,327336,304677,433404,170364,34099,548332,27879,438120,10871,39530,144061,248100,131270,10425,266439,107856,257718,195775,163560,23122,27836,70778,7004,41829,17951,145877,538877,79632,244090,156671,70238,17530,504547,58875,,cercado,cochabamba,cochabamba,cochabamba,100,7,cochabamba,cercado,cercado,100,Cochabamba,Cercado,-17.4012458,-66.1675681,"Cochabamba, Villa Coronilla, Cochabamba, Cercado, Cochabamba, Bolivia",cercado,cochabamba,0.0,1.0,846654806.58,215.60126354,692.668742221,True
27,Cercado_Oruro,2012,Bolivia,Oruro,Cercado,309629,160591,149038,235563,107036,51052,11732,263622,15113,206345,5949,21274,72639,122618,60887,2819,120432,14979,128392,104637,91284,32104,23093,40503,10595,6287,19696,81019,274078,63923,130385,22465,99419,26950,270851,61219,270299,140989,129310,201225,75521,38297,230556,12484,181034,4431,17757,57245,107788,56235,2760,103132,51652,115515,90548,78415,21611,15403,29700,5280,5014,8499,69216,237505,40857,94806,17939,65079,11754,231858,24189,,cercado,oruro,oruro,oruro,100,2,oruro,cercado,cercado,100,Oruro,Cercado,-17.3838223,-66.1583916,"Oruro, Avenida José Ballivián, Barba de Padilla, Adela Zamudio, Cochabamba, Cercado, Cochabamba, Bolivia",cercado,oruro,0.0,1.0,846654806.58,215.60126354,692.668742221,True
28,Cercado_Tarija,2012,Bolivia,Tarija,Cercado,205375,105853,99522,139168,39599,2317,7986,175057,11984,142557,6041,15142,51968,76715,42369,2775,93545,7588,77225,62692,50555,7002,9977,17598,3199,8773,8023,47105,171316,30608,62615,34314,23941,9289,169190,28168,179561,93023,86538,120562,28304,2179,154628,9064,126703,3948,11806,40607,69301,38447,2721,81273,29907,68381,53756,42416,3486,6921,12285,1487,5303,2024,40161,147552,21418,43663,21061,12120,4313,144344,6879,,cercado,tarija,tarija,tarija,100,3,tarija,cercado,cercado,100,,,,,,,,,,,,,False
29,Chapare_Cochabamba,2012,Bolivia,Cochabamba,Chapare,263137,130282,132855,172782,132758,5378,7295,218874,17153,166844,8745,22843,89389,93627,29440,1674,112178,10436,99689,94229,84277,23112,32991,49784,21203,29818,44898,74852,235373,82111,147030,96017,60434,47141,236516,128342,162715,83636,79079,107833,58021,4108,138742,8653,107006,3968,11808,44031,63586,25754,1593,64862,29669,68184,49838,43197,6260,8073,17295,1963,11269,9611,38252,142674,24580,62245,41865,20639,5382,138624,34532,,chapare,cochabamba,cochabamba,cochabamba,100,8,cochabamba,chapare,chapare,100,Cochabamba,Chapare,-16.648834,-65.6314775,"Chapare, Cochabamba, Bolivia",chapare,cochabamba,0.0,1.0,846654806.58,215.60126354,692.668742221,True
30,Charcas_Potosi,2012,Bolivia,Potosi,Charcas,40882,20063,20819,34888,30971,548,1042,29854,6153,20239,4564,7201,17870,10148,708,41,15823,3659,14397,13654,12509,10432,10504,10057,8687,842,10890,11752,37992,36311,35057,2903,36187,30323,40438,37991,0,0,0,0,0,0,0,0,0,0,0,0,0,0,0,0,0,0,0,0,0,0,0,0,0,0,0,0,0,0,0,0,0,0,0,,charcas,potosi,potosi,potosi,100,3,potosi,charcas,charcas,100,Potosi,Charcas,-18.333333,-65.833333,"Provincia Charcas, Potosí, Bolivia",charcas,potosi,0.0,1.0,846654806.58,215.60126354,692.668742221,True
31,Chayanta_Potosi,2012,Bolivia,Potosi,Chayanta,98436,47504,50932,85184,78448,868,2464,67299,19183,44913,15284,22133,40638,21873,1739,96,39932,9126,32966,35271,33029,25054,25073,25380,16569,4046,29198,30670,93035,77363,81321,14181,78723,48661,97491,92944,4272,2063,2209,3194,2674,43,3350,416,2371,252,520,1444,1517,263,13,1641,911,1720,1164,964,556,351,622,111,11,491,1065,3524,1213,2558,44,2032,399,4033,1778,,chayanta,potosi,potosi,potosi,100,4,potosi,chayanta,chayanta,100,Potosi,Chayanta,-18.4603006,-66.4437449,"Chayanta, Municipio Chayanta, Provincia Rafael Bustillo, Potosí, Bolivia",chayanta,potosi,0.0,1.0,846654806.58,215.60126354,692.668742221,True
32,Chiquitos_Santa Cruz,2012,Bolivia,Santa Cruz,Chiquitos,82429,38992,43437,50847,40375,644,1790,67606,4280,49485,1009,5707,28813,33797,3338,149,31571,4097,31521,17425,14447,1528,7116,7943,2161,13162,9958,14539,65553,35840,35763,63462,6237,9870,68988,49074,32930,16311,16619,22473,15934,305,27825,1617,20750,453,2116,8939,15958,2227,106,11237,6818,14875,7987,6622,378,1464,3591,195,6168,1909,6475,27215,5735,16046,26945,1609,823,28062,8265,,chiquitos,santa cruz,santa cruz,santa cruz,100,2,santa cruz,chiquitos,chiquitos,100,Santa Cruz,Chiquitos,-17.8398242,-61.1461274,"Chiquitos, Santa Cruz, Bolivia",chiquitos,santa cruz,0.0,1.0,846654806.58,215.60126354,692.668742221,True
33,Cordillera_Santa Cruz,2012,Bolivia,Santa Cruz,Cordillera,120236,58682,61554,81964,50054,631,3378,98369,7621,71611,3042,9240,43000,44167,8815,396,41871,6244,51275,28353,24595,6216,13637,13876,7325,13920,16524,24251,106343,63760,63578,65943,28423,35054,109230,78947,42936,21934,21002,27837,9701,397,36858,2116,28583,831,2640,10823,18895,6186,295,15390,7950,19596,11567,9564,572,2094,3180,510,4289,1794,8984,36732,7787,13050,18315,2379,2273,35680,7805,,cordillera,santa cruz,santa cruz,santa cruz,100,3,santa cruz,cordillera,cordillera,100,,,,,,,,,,,,,False
34,Cornelio Saavedra_Potosi,2012,Bolivia,Potosi,Cornelio Saavedra,55667,27786,27881,47886,43340,98,1933,41643,8232,29159,6715,10023,23138,15402,1251,74,23262,3771,20726,19705,18587,13220,11286,13070,6748,2033,15244,16730,53056,33225,42598,7120,42657,19203,54796,49895,4724,2483,2241,2960,2119,12,3713,472,2567,345,658,1547,1606,337,26,1631,992,2101,1828,1733,354,432,453,125,39,213,1402,4558,1101,1520,109,1074,286,4538,686,,cornelio saavedra,potosi,potosi,potosi,100,5,potosi,cornelio saavedra,cornelio saavedra,100,,,,,,,,,,,,,False
35,Daniel Campos_Potosi,2012,Bolivia,Potosi,Daniel Campos,5850,2789,3061,3913,4886,4749,233,5073,220,4111,78,340,1573,3073,301,21,3043,229,1778,3116,2672,1768,1398,1889,874,219,1745,2169,4944,3339,5004,588,4568,2052,5610,4483,0,0,0,0,0,0,0,0,0,0,0,0,0,0,0,0,0,0,0,0,0,0,0,0,0,0,0,0,0,0,0,0,0,0,0,,daniel campos,potosi,potosi,potosi,100,6,potosi,daniel campos,daniel campos,100,,,,,,,,,,,,,False
36,Enrique Baldivieso_Potosi,2012,Bolivia,Potosi,Enrique Baldivieso,1684,853,831,1407,1513,11,69,1429,103,1073,72,131,652,695,51,4,777,40,650,732,677,363,401,438,177,59,457,489,1631,1235,1464,248,1116,456,1648,1523,0,0,0,0,0,0,0,0,0,0,0,0,0,0,0,0,0,0,0,0,0,0,0,0,0,0,0,0,0,0,0,0,0,0,0,,enrique baldivieso,potosi,potosi,potosi,100,7,potosi,enrique baldivieso,enrique baldivieso,100,,,,,,,,,,,,,False
37,Esteban Arze_Cochabamba,2012,Bolivia,Cochabamba,Esteban Arze,37245,19019,18226,28597,24094,595,1415,30255,3495,22790,2442,4319,15093,12245,2023,123,14360,2468,15181,15604,14313,7346,6627,7297,4121,3327,10788,12068,34345,16814,20660,11004,20278,10016,35748,31933,7530,3799,3731,5366,3392,191,6500,420,5074,243,581,2211,3267,808,36,2683,1239,3608,2672,2464,732,705,723,369,380,1414,2158,6817,1690,2031,1283,1924,779,6792,4384,,esteban arze,cochabamba,cochabamba,cochabamba,100,9,cochabamba,esteban arze,esteban arze,100,Cochabamba,Esteban Arze,-17.7320029,-65.9595395,"Esteban Arze, Cochabamba, Bolivia",esteban arze,cochabamba,0.0,1.0,846654806.58,215.60126354,692.668742221,True
38,Federico Román_Pando,2012,Bolivia,Pando,Federico Román,7034,2943,4091,1220,1928,92,133,5747,430,4253,101,531,2569,2896,173,6,2905,312,2450,1670,1486,385,1257,1503,731,1133,1472,1515,6300,5228,6469,5062,1464,2880,6494,6356,0,0,0,0,0,0,0,0,0,0,0,0,0,0,0,0,0,0,0,0,0,0,0,0,0,0,0,0,0,0,0,0,0,0,0,,federico roman,pando,pando,pando,100,1,pando,federico roman,federico roman,100,Pando,Federico Román,-11.0328024,-68.7736714,"Federico Roman, Canton Santa Cruz, Cobija, Nicolás Suárez, Pando, Bolivia",federico roman,pando,0.0,1.0,846654806.58,215.60126354,692.668742221,True
39,Florida_Santa Cruz,2012,Bolivia,Santa Cruz,Florida,32842,15647,17195,18094,8653,186,1042,27038,2453,20683,1356,3061,12900,11702,1779,130,15916,1107,10833,11824,10318,2548,3743,5663,1724,6298,4780,9173,28747,11273,19345,21748,8404,5242,31145,15916,14726,7317,7409,8374,3564,135,12128,1029,9129,541,1347,5059,5574,1042,99,6852,2831,5043,5113,4263,412,915,1660,202,3157,343,3897,12429,2582,5793,10915,1515,675,13413,1221,,florida,santa cruz,santa cruz,santa cruz,100,4,santa cruz,florida,florida,100,Santa Cruz,Florida,-14.6088029,-61.1936022,"Florida, San Ignacio de Velasco, Velasco, Santa Cruz, Bolivia",florida,santa cruz,0.0,1.0,846654806.58,215.60126354,692.668742221,True
40,Franz Tamayo_La Paz,2012,Bolivia,La Paz,Franz Tamayo,27088,12198,14890,22085,18010,3151,804,21889,2235,16324,1266,2964,9499,10926,668,90,11544,1561,9490,8170,7019,4344,4687,5398,2599,1784,5257,6758,21955,15891,19240,6830,15045,8449,24096,19107,6376,2916,3460,5119,2519,358,5370,338,4159,158,555,1638,3156,281,45,2457,1298,2621,1687,1344,660,449,698,200,248,334,1374,4050,1403,2448,904,2178,668,4706,1093,,franz tamayo,la paz,la paz,la paz,100,5,la paz,franz tamayo,franz tamayo,100,La Paz,Franz Tamayo,-17.1842066,-67.259479,"Franz Tamayo, Municipio Ichoca, Provincia Inquisivi, La Paz, Bolivia",franz tamayo,la paz,0.0,1.0,846654806.58,215.60126354,692.668742221,True
41,German Busch_Santa Cruz,2012,Bolivia,Santa Cruz,German Busch,42830,20365,22465,27477,11790,865,1108,36646,1797,28435,441,2340,11373,21717,2874,152,18154,2036,16444,11299,9012,1086,3579,4459,1283,8599,4852,9068,33979,13364,17876,35891,3388,4277,36711,19657,35626,17350,18276,22994,9193,813,30615,1380,23834,291,1812,8903,18571,2459,133,14920,6867,13839,9233,7277,554,2338,3099,485,7287,3054,7232,27919,9033,13044,30534,2028,1798,30007,13069,,german busch,santa cruz,santa cruz,santa cruz,100,5,santa cruz,german busch,german busch,100,,,,,,,,,,,,,False
42,German Jordán_Cochabamba,2012,Bolivia,Cochabamba,German Jordán,34498,17636,16862,27754,21883,230,1215,29024,2616,22905,1854,3551,11778,13373,2849,123,13680,2232,14329,11120,10508,2838,2800,3427,710,4001,5821,9098,32580,7659,11431,14817,8825,1748,32293,20072,14632,7481,7151,11073,8459,131,12424,884,9730,521,1173,4530,6021,1473,65,5681,2888,6063,4549,4220,640,783,1042,156,1084,1019,3573,13681,2219,3697,4092,2123,397,13382,3700,,german jordan,cochabamba,cochabamba,cochabamba,100,10,cochabamba,german jordan,german jordan,100,Cochabamba,German Jordán,-17.5968884,-65.9231059,"Germán Jordán, Cochabamba, Bolivia",german jordan,cochabamba,0.0,1.0,846654806.58,215.60126354,692.668742221,True
43,Gran Chaco_Tarija,2012,Bolivia,Tarija,Gran Chaco,147478,71836,75642,81944,36292,1531,4953,122529,9875,94487,4853,12052,46782,58944,13263,725,63395,6045,56044,41009,33516,5425,10154,14135,3152,12579,13410,33238,120983,35842,53802,49759,20238,10804,126737,52236,97940,49404,48536,56451,16781,1156,83147,5306,64985,2174,6822,28275,41689,10675,639,42610,18129,37201,27413,21623,1316,4818,6275,1058,5671,2513,21534,78656,16598,23580,22562,4763,3691,81255,9933,,gran chaco,tarija,tarija,tarija,100,4,tarija,gran chaco,gran chaco,100,,,,,,,,,,,,,False
44,Gualberto Villarroel_La Paz,2012,Bolivia,La Paz,Gualberto Villarroel,17865,8379,9486,16663,15410,15301,628,15429,1146,12485,745,1616,6059,8321,550,18,8850,2240,4791,7672,7005,4457,4141,5886,3114,1564,6007,6015,16857,11197,17244,5234,12545,8302,17755,17751,0,0,0,0,0,0,0,0,0,0,0,0,0,0,0,0,0,0,0,0,0,0,0,0,0,0,0,0,0,0,0,0,0,0,0,,gualberto villarroel,la paz,la paz,la paz,100,6,la paz,gualberto villarroel,gualberto villarroel,100,La Paz,Gualberto Villarroel,-15.7356373,-67.5709369,"Gualberto Villarroel, Caranavi, La Paz, Bolivia",gualberto villarroel,la paz,0.0,1.0,846654806.58,215.60126354,692.668742221,True
45,Guarayos_Santa Cruz,2012,Bolivia,Santa Cruz,Guarayos,48301,22680,25621,29669,24772,490,1040,38992,3146,27927,1072,3840,18355,18087,1698,101,18763,2136,18480,12349,10724,2696,6761,9310,3950,8354,9544,10792,42530,25252,38399,38096,8261,12825,45208,39343,30638,15196,15442,21569,15926,289,24894,1856,17449,489,2236,11027,12143,1192,82,10887,7047,12704,6830,5804,587,2628,4821,864,5445,4532,5770,26803,12464,24324,27053,2601,4224,28503,22642,,guarayos,santa cruz,santa cruz,santa cruz,100,6,santa cruz,guarayos,guarayos,100,Santa Cruz,Guarayos,-15.8966537,-63.1876907,"Ascensión de Guarayos, Municipio Ascencion de Guarayos, Provincia Guarayos, Santa Cruz, Bolivia",guarayos,santa cruz,0.0,1.0,846654806.58,215.60126354,692.668742221,True
46,Hernando Siles_Chuquisaca,2012,Bolivia,Chuquisaca,Hernando Siles,32652,15833,16819,18954,11042,99,1554,25828,3478,19066,2374,3994,12616,10611,2033,83,13728,1672,12475,9681,8600,4123,4526,4736,2964,1657,5336,7836,28836,16956,18125,6145,16112,11453,29983,20588,11443,5890,5553,6558,2804,71,9611,788,7367,452,962,3433,4536,1371,65,4759,2193,4491,3108,2507,314,511,587,96,319,343,2470,9193,1617,2194,1283,1174,322,9459,1325,,hernando siles,chuquisaca,chuquisaca,chuquisaca,100,2,chuquisaca,hernando siles,hernando siles,100,Chuquisaca,Hernando Siles,-20.166667,-64.25,"Provincia Hernando Siles, Chuquisaca, Bolivia",hernando siles,chuquisaca,0.0,1.0,846654806.58,215.60126354,692.668742221,True
47,Ichilo_Santa Cruz,2012,Bolivia,Santa Cruz,Ichilo,92721,42941,49780,55632,36117,1008,2226,75958,6428,57111,3236,8150,33139,35533,5340,174,39848,4327,33464,27409,22023,7786,11838,18083,8022,14195,18645,23497,73673,35970,63228,57144,22538,22222,85182,65382,56131,27565,28566,35645,18971,709,46004,3649,34109,1686,4735,17995,22659,3991,123,22662,11896,21573,15061,11102,2199,4130,8221,1622,8786,7668,12564,41694,14298,32405,36612,7576,5077,49975,29979,,ichilo,santa cruz,santa cruz,santa cruz,100,7,santa cruz,ichilo,ichilo,100,Santa Cruz,Ichilo,-17.4035204,-63.904043,"Ichilo, Municipio Yapacaní, Provincia Ichilo, Santa Cruz, Bolivia",ichilo,santa cruz,0.0,1.0,846654806.58,215.60126354,692.668742221,True
48,Ingavi_La Paz,2012,Bolivia,La Paz,Ingavi,134965,68320,66645,112908,94113,94762,5442,114779,8985,90288,5672,12688,43906,57985,8823,235,58288,11130,48907,50206,42205,21587,20208,31458,11951,15530,26670,43307,113317,51446,91434,48602,59260,28777,129670,77523,69072,34943,34129,52657,38195,37252,58845,3417,45401,1338,5030,18894,31397,6586,156,28272,13402,27398,24236,20548,9499,7228,11151,3894,5146,4407,20669,58676,19026,32962,16603,26936,9659,65017,13668,,ingavi,la paz,la paz,la paz,100,7,la paz,ingavi,ingavi,100,,,,,,,,,,,,,False
49,Inquisivi_La Paz,2012,Bolivia,La Paz,Inquisivi,66462,30952,35510,52347,50109,47244,1866,54691,5429,41517,3220,6616,26120,25678,1644,39,30333,4794,21792,21689,18722,15137,11309,16765,7064,2651,16031,19702,57891,34640,55194,9072,49147,21234,64927,52696,11443,5525,5918,9112,6575,6184,9587,717,7080,345,945,3278,5482,573,9,4179,2157,5107,3732,3391,1721,642,2022,127,217,333,3182,10319,1900,7034,810,5583,341,10924,1021,,inquisivi,la paz,la paz,la paz,100,8,la paz,inquisivi,inquisivi,100,La Paz,Inquisivi,-16.9073908,-67.1378763,"Inquisivi, Municipio Inquisivi, Provincia Inquisivi, La Paz, Bolivia",inquisivi,la paz,0.0,1.0,846654806.58,215.60126354,692.668742221,True
50,Itenez_Beni,2012,Bolivia,Beni,Itenez,21453,9641,11812,13537,9162,277,715,17835,1259,13596,398,1533,6562,9939,1016,55,8848,778,8218,4896,4440,488,2038,3472,703,3899,3540,4349,19616,8285,16092,18638,1793,2439,20259,16382,12236,5961,6275,9166,3768,37,10235,685,7613,182,852,3480,5814,696,39,4489,2547,5200,2602,2410,146,572,1630,98,2212,1522,2326,11590,2467,8472,11367,615,350,11823,7983,,itenez,beni,beni,beni,100,1,beni,itenez,itenez,100,Beni,Itenez,-13.3623488,-63.1872093,"Provincia de Iténez, Beni, Bolivia",itenez,beni,0.0,1.0,846654806.58,215.60126354,692.668742221,True
51,José Ballivián_Beni,2012,Bolivia,Beni,José Ballivián,82783,39780,43003,53906,31602,3776,2178,65705,6525,47522,2817,7872,27054,33186,3953,198,32281,4364,30564,20917,18444,5379,10079,13984,6052,12170,12379,18769,74413,41251,59073,52877,21375,24233,78710,52659,47561,23643,23918,31489,9281,2229,39783,2543,29308,785,3325,13538,21968,3184,173,17914,9855,19792,12014,10114,1082,2672,6047,629,8246,4158,10526,40907,10441,26101,35718,4258,2424,44378,18429,,jose ballivian,beni,beni,beni,100,2,beni,jose ballivian,jose ballivian,100,Beni,José Ballivián,-14.5396333,-67.3216663,"José Ballivian, RN8: Yucumo-Rurrenabaque, Canton Rurrenabaque, Rurrenabaque, Beni, Bolivia",jose ballivian,beni,0.0,1.0,846654806.58,215.60126354,692.668742221,True
52,José Manuel Pando_La Paz,2012,Bolivia,La Paz,José Manuel Pando,7474,3639,3835,6761,6006,6524,237,6621,322,5298,159,550,2853,3295,228,9,3030,1254,2382,3546,2071,1071,2168,2350,1402,1453,2463,2561,4316,6193,6815,4556,2747,3737,7400,7145,0,0,0,0,0,0,0,0,0,0,0,0,0,0,0,0,0,0,0,0,0,0,0,0,0,0,0,0,0,0,0,0,0,0,0,,jose manuel pando,la paz,la paz,la paz,100,9,la paz,jose manuel pando,jose manuel pando,100,,,,,,,,,,,,,False
53,José Maria Linares_Potosi,2012,Bolivia,Potosi,José Maria Linares,49796,25434,24362,41807,40415,170,1831,38711,5919,27863,4524,7357,19923,15813,1476,68,19543,3430,19463,17437,16367,11143,8997,10964,5231,2367,13011,14428,47025,27416,38090,8469,37730,15329,49052,44635,2648,1331,1317,1497,2178,15,2151,205,1500,133,343,791,1090,109,9,766,582,1300,801,714,710,311,508,190,12,243,717,2399,901,1826,39,2569,484,2585,884,,jose maria linares,potosi,potosi,potosi,100,8,potosi,jose maria linares,jose maria linares,100,,,,,,,,,,,,,False
54,Ladislao Cabrera_Oruro,2012,Bolivia,Oruro,Ladislao Cabrera,14851,7069,7782,11419,12312,12218,543,12314,868,9616,379,1192,5293,5811,862,35,7340,823,4352,6676,5321,4183,3042,4649,1794,628,4675,4952,11800,8354,13748,2051,12214,4770,14596,13817,0,0,0,0,0,0,0,0,0,0,0,0,0,0,0,0,0,0,0,0,0,0,0,0,0,0,0,0,0,0,0,0,0,0,0,,ladislao cabrera,oruro,oruro,oruro,100,3,oruro,ladislao cabrera,ladislao cabrera,100,,,,,,,,,,,,,False
55,Larecaja_La Paz,2012,Bolivia,La Paz,Larecaja,86122,40077,46045,58477,59002,43507,2835,71139,6534,55087,3964,8502,29959,36141,2957,111,42331,4833,26529,32640,28364,17360,15630,22637,9034,8942,25579,29006,74845,38290,62922,27711,47147,19868,82482,72654,15415,7722,7693,9402,7281,3962,12844,967,9722,443,1318,4643,6930,844,36,6638,3155,5622,5445,4370,1222,1158,2011,256,1532,2162,4688,12550,2792,5959,4838,3678,552,14184,6779,,larecaja,la paz,la paz,la paz,100,10,la paz,larecaja,larecaja,100,La Paz,Larecaja,-15.5,-68.333333,"Provincia Larecaja, La Paz, Bolivia",larecaja,la paz,0.0,1.0,846654806.58,215.60126354,692.668742221,True
56,Litoral_Oruro,2012,Bolivia,Oruro,Litoral,10409,5005,5404,7485,8698,7905,278,8818,501,7152,192,668,2622,5217,799,33,4061,711,4059,3543,2845,2473,1803,2544,1112,178,2878,2872,8190,6135,8921,617,8832,3756,9944,9943,0,0,0,0,0,0,0,0,0,0,0,0,0,0,0,0,0,0,0,0,0,0,0,0,0,0,0,0,0,0,0,0,0,0,0,,litoral,oruro,oruro,oruro,100,4,oruro,litoral,litoral,100,,,,,,,,,,,,,False
57,Loayza_La Paz,2012,Bolivia,La Paz,Loayza,47473,23069,24404,41525,39925,40964,1410,39738,3947,30594,2714,5170,18185,19236,1064,47,25208,3090,13199,16773,14674,11908,9386,12744,4658,3048,14470,15106,41565,26665,39451,9890,36479,11208,46778,44839,0,0,0,0,0,0,0,0,0,0,0,0,0,0,0,0,0,0,0,0,0,0,0,0,0,0,0,0,0,0,0,0,0,0,0,,loayza,la paz,la paz,la paz,100,11,la paz,loayza,loayza,100,La Paz,Loayza,-17.0,-67.666667,"Provincia Loayza, La Paz, Bolivia",loayza,la paz,0.0,1.0,846654806.58,215.60126354,692.668742221,True
58,Los Andes_La Paz,2012,Bolivia,La Paz,Los Andes,78579,40169,38410,71876,66392,69923,2765,64586,7781,50162,5832,10398,28395,31298,2166,86,33665,8805,26753,30120,26323,16563,15085,24805,8268,9613,25998,27151,68753,37185,71233,30327,44466,18378,77650,74330,2257,1175,1082,2001,1949,2024,1930,167,1523,108,241,655,1020,179,1,1044,395,818,834,762,199,166,271,55,13,71,671,2054,365,858,33,527,107,2134,225,,los andes,la paz,la paz,la paz,100,12,la paz,los andes,los andes,100,La Paz,Los Andes,-16.4990408,-68.1475211,"Los Andes, Max Paredes, La Paz, Pedro Domingo Murillo, La Paz, Bolivia",los andes,la paz,0.0,1.0,846654806.58,215.60126354,692.668742221,True
59,Luis Calvo_Chuquisaca,2012,Bolivia,Chuquisaca,Luis Calvo,19679,9113,10566,11077,10326,60,800,15840,1774,11846,1035,2080,7425,6761,1322,53,7727,1007,7946,5759,5096,2094,3009,3673,1994,1968,3714,4805,17340,11504,14095,7800,8123,8034,18283,14586,3215,1598,1617,1689,1033,32,2749,158,2116,81,224,904,1198,548,23,1276,560,1379,1036,831,92,132,387,24,121,96,875,2597,376,1253,437,366,85,2871,404,,luis calvo,chuquisaca,chuquisaca,chuquisaca,100,3,chuquisaca,luis calvo,luis calvo,100,,,,,,,,,,,,,False
60,Madre de Dios_Pando,2012,Bolivia,Pando,Madre de Dios,24070,11079,12991,12268,11380,82,362,19103,1642,13327,390,1954,8290,9885,572,26,8314,1198,9554,4210,3889,1091,3419,4005,2367,2923,3954,4009,21990,18660,22654,17533,5176,12161,22695,22335,2587,1154,1433,1148,619,42,2069,198,1563,52,240,749,1164,88,7,1037,587,963,388,357,34,309,372,260,338,338,375,2393,2031,2484,2271,210,1700,2503,2230,,madre dios,pando,pando,pando,100,2,pando,madre dios,madre dios,100,Pando,Madre de Dios,-10.9986653,-69.4618498,"Madre de Dios, Canton Mukden, Municipio Bolpebra, Nicolás Suárez, Pando, Bolivia",madre dios,pando,0.0,1.0,846654806.58,215.60126354,692.668742221,True
61,Mamore_Beni,2012,Bolivia,Beni,Mamore,12817,5767,7050,8015,5724,90,398,10570,781,8032,206,975,4212,5539,591,27,5228,605,4691,3026,2553,189,1155,1870,472,2406,1984,2591,11231,4853,8792,11382,683,1807,12020,9279,8101,3872,4229,5655,3446,74,6799,436,5082,103,563,2432,3694,490,23,3067,1762,3272,1741,1471,62,375,872,38,1473,939,1530,7055,1738,4635,7375,241,185,7570,4901,,mamore,beni,beni,beni,100,3,beni,mamore,mamore,100,Beni,Mamore,-10.7945578,-65.3672055,"Río Mamoré, Canton Guayamerin, Guayaramerín, Beni, Bolivia",mamore,beni,0.0,1.0,846654806.58,215.60126354,692.668742221,True
62,Manco Kapac_La Paz,2012,Bolivia,La Paz,Manco Kapac,27244,13946,13298,23853,22271,22584,1236,22533,2986,17843,2414,3829,9690,10925,1027,59,13656,1948,8923,10557,9537,5207,4471,6565,2322,2410,7329,8763,24216,11675,19622,7256,15734,5665,26173,22327,9190,4639,4551,7796,6791,6899,7799,697,6182,445,928,2659,4266,581,39,4344,1502,3344,3247,2853,1056,981,1079,392,227,1049,2427,7814,3399,4212,901,4319,1367,8430,4679,,manco kapac,la paz,la paz,la paz,100,13,la paz,manco kapac,manco kapac,100,,,,,,,,,,,,,False
63,Manuel Maria Caballero_Santa Cruz,2012,Bolivia,Santa Cruz,Manuel Maria Caballero,23309,11296,12013,12339,8264,197,559,18694,1912,13377,994,2256,9517,7667,1119,60,10764,890,7606,7567,6347,2144,2208,4416,1280,3085,2604,6255,19511,6790,15909,11475,7335,3873,22216,8683,9405,4665,4740,5250,2439,103,7596,703,5396,315,884,3240,3447,661,42,4079,2016,3310,2817,2233,279,420,1119,135,961,145,2295,7343,1459,4590,4094,1088,467,8704,588,,manuel maria caballero,santa cruz,santa cruz,santa cruz,100,8,santa cruz,manuel maria caballero,manuel maria caballero,100,Santa Cruz,Manuel Maria Caballero,-17.833333,-64.416667,"Provincia Manuel María Caballero, Municipio Comarapa, Provincia Manuel M. Caballero, Santa Cruz, Bolivia",manuel maria caballero,santa cruz,0.0,1.0,846654806.58,215.60126354,692.668742221,True
64,Manuripi_Pando,2012,Bolivia,Pando,Manuripi,14986,6542,8444,6774,3872,477,277,11991,970,8666,279,1295,5103,6119,428,20,5144,632,6424,3766,3308,685,2691,3274,1539,2719,2863,3409,13360,10971,13610,11537,2565,5972,14116,11975,2733,1176,1557,1061,631,307,2295,136,1727,26,191,702,1368,158,10,936,542,1255,704,512,39,173,480,89,536,146,572,1894,639,1966,2149,139,359,2270,649,,manuripi,pando,pando,pando,100,3,pando,manuripi,manuripi,100,Pando,Manuripi,-11.8207512,-68.0103601,"Pando, Canton Chive, Municipio Filadelfia, Provincia de Manuripi, Pando, Bolivia",manuripi,pando,0.0,1.0,846654806.58,215.60126354,692.668742221,True
65,Marban_Beni,2012,Bolivia,Beni,Marban,16331,7427,8904,9993,7116,145,378,13166,1086,9665,392,1328,6251,6147,513,32,6565,1113,5656,4312,3824,829,2615,3405,1571,2972,3768,3819,14772,9960,13676,12727,2557,5661,15405,15239,2343,1181,1162,1463,957,25,1883,163,1342,53,221,823,915,79,5,888,595,860,599,509,51,191,455,59,491,498,532,2038,705,1921,2114,136,194,2234,2124,,marban,beni,beni,beni,100,4,beni,marban,marban,100,Beni,Marban,-15.3049804,-64.5319766,"Provincia de Marbán, Beni, Bolivia",marban,beni,0.0,1.0,846654806.58,215.60126354,692.668742221,True
66,Mejillones_Oruro,2012,Bolivia,Oruro,Mejillones,2076,1004,1072,1603,1630,1609,38,1744,89,1345,28,143,540,1040,108,2,762,207,749,772,683,553,420,588,297,10,610,614,1874,1374,1920,26,1834,1025,1989,1981,0,0,0,0,0,0,0,0,0,0,0,0,0,0,0,0,0,0,0,0,0,0,0,0,0,0,0,0,0,0,0,0,0,0,0,,mejillones,oruro,oruro,oruro,100,5,oruro,mejillones,mejillones,100,,,,,,,,,,,,,False
67,Mizque_Cochabamba,2012,Bolivia,Cochabamba,Mizque,35806,17960,17846,32482,29343,104,944,25846,5574,18797,3785,6300,15802,8614,675,20,15279,2438,11458,13954,12877,8666,7362,7686,5802,931,9143,10519,33133,23468,25532,3332,28993,18919,35254,30620,3487,1859,1628,2663,2183,37,2877,266,2084,155,315,1165,1337,307,10,1522,684,1281,1335,1114,178,233,300,55,53,125,979,2784,713,1017,158,691,180,3193,437,,mizque,cochabamba,cochabamba,cochabamba,100,11,cochabamba,mizque,mizque,100,Cochabamba,Mizque,-18.0376734,-65.5119121,"Mizque, Cochabamba, Bolivia",mizque,cochabamba,0.0,1.0,846654806.58,215.60126354,692.668742221,True
68,Modesto Omiste_Potosi,2012,Bolivia,Potosi,Modesto Omiste,44906,23393,21513,25020,19259,1917,1775,36871,3508,27866,2027,4308,15260,17653,3025,186,18860,1864,17564,13894,12239,3131,4186,5716,1539,1891,2928,11670,39871,13665,20858,6877,10963,4603,42139,10338,35337,18516,16821,17991,13633,1820,29256,2530,22209,1342,3171,11138,14562,2627,165,14759,6446,14132,10641,9389,1789,2018,3557,450,558,400,8985,31341,6355,13248,2030,6436,1262,32735,1417,,modesto omiste,potosi,potosi,potosi,100,9,potosi,modesto omiste,modesto omiste,100,,,,,,,,,,,,,False
69,Moxos_Beni,2012,Bolivia,Beni,Moxos,21114,9946,11168,13504,14042,208,512,16305,2027,11641,899,2315,7345,7705,926,39,8256,985,7662,4909,4399,996,2373,3338,1345,3343,3500,4285,19311,10991,16054,15939,4530,6287,20267,16985,10054,5020,5034,7086,5963,178,8058,781,5877,272,961,3062,4081,674,32,3981,2237,3836,2416,2122,234,613,1207,260,1913,1304,2092,9149,2513,5732,8965,903,1152,9642,6351,,moxos,beni,beni,beni,100,5,beni,moxos,moxos,100,Beni,Moxos,-15.2829092,-65.6142611,"Moxos, Beni, Bolivia",moxos,beni,0.0,1.0,846654806.58,215.60126354,692.668742221,True
70,Murillo_La Paz,2012,Bolivia,La Paz,Murillo,1669807,865366,804441,1356036,617790,557812,72074,1452767,77303,1155159,30147,107827,379093,702736,333566,24030,732988,70350,647497,548554,468266,81316,86919,156850,28170,49497,67463,436104,1440155,228541,495842,165292,228147,62449,1421379,203879,1624447,843192,781255,1318580,583001,523393,1414598,73743,1125457,27818,103145,361239,685770,307585,23795,709031,280435,634981,532776,454718,71015,79707,145279,24445,46241,54727,422294,1401139,209337,459163,154226,196066,53532,1377526,163374,,murillo,la paz,la paz,la paz,100,14,la paz,murillo,murillo,100,La Paz,Murillo,-15.7734413,-68.6492584,"Murillo, Centro, Municipio Sorata, Provincia Larecaja, La Paz, Bolivia",murillo,la paz,0.0,1.0,846654806.58,215.60126354,692.668742221,True
71,Muñecas_La Paz,2012,Bolivia,La Paz,Muñecas,25378,12099,13279,21947,21466,11988,919,19578,3559,14742,2772,4163,9759,8666,516,29,12561,2273,7100,9455,8477,6094,5948,7399,3258,2404,8471,8604,22919,15810,21625,7520,17363,7757,25071,24777,0,0,0,0,0,0,0,0,0,0,0,0,0,0,0,0,0,0,0,0,0,0,0,0,0,0,0,0,0,0,0,0,0,0,0,,munecas,la paz,la paz,la paz,100,15,la paz,munecas,munecas,100,La Paz,Muñecas,-15.8818245,-67.4600849,"Muñecas, Caranavi, La Paz, Bolivia",munecas,la paz,0.0,1.0,846654806.58,215.60126354,692.668742221,True
72,Méndez_Tarija,2012,Bolivia,Tarija,Méndez,35217,17814,17403,25177,9763,98,1617,27366,4445,20639,3305,4945,14113,10691,2030,120,16291,1831,12176,12303,11191,3038,4334,6537,1891,5486,7412,9481,31902,13508,22629,19811,10124,5886,33215,25500,3401,1744,1657,2354,824,13,2756,342,2227,240,380,981,1275,424,31,1555,565,1281,1054,936,61,159,271,35,105,139,790,2770,477,1005,368,218,107,2733,471,,mendez,tarija,tarija,tarija,100,5,tarija,mendez,mendez,100,,,,,,,,,,,,,False
73,Nicolás Suárez_Pando,2012,Bolivia,Pando,Nicolás Suárez,60297,28467,31830,32584,8526,3848,1888,50536,2885,39140,696,3719,15157,26880,7486,429,25939,2202,22181,17640,14851,1664,5110,10215,2131,10454,4541,13815,50573,17761,38027,40359,5462,7301,51030,17665,48511,23491,25020,25915,6534,3373,40887,2045,31669,356,2704,11135,22046,6488,392,20701,9644,18166,14170,11714,1064,3082,7607,952,8212,1818,10977,40278,10351,28225,31623,3431,3280,40264,7342,,nicolas suarez,pando,pando,pando,100,4,pando,nicolas suarez,nicolas suarez,100,Pando,Nicolás Suárez,-10.8911066,-67.9216049,"Nicolás Suárez, Pando, 69932-000, Bolivia",nicolas suarez,pando,0.0,1.0,846654806.58,215.60126354,692.668742221,True
74,Nor Carangas_Oruro,2012,Bolivia,Oruro,Nor Carangas,5502,2554,2948,4949,4751,4672,309,4657,393,3920,265,518,1872,2300,343,18,2783,575,1548,3491,3141,2097,1826,2052,1439,153,2244,2248,5093,4275,5035,380,5071,3451,5453,5438,0,0,0,0,0,0,0,0,0,0,0,0,0,0,0,0,0,0,0,0,0,0,0,0,0,0,0,0,0,0,0,0,0,0,0,,nor carangas,oruro,oruro,oruro,100,6,oruro,nor carangas,nor carangas,100,,,,,,,,,,,,,False
75,Nor Chichas_Potosi,2012,Bolivia,Potosi,Nor Chichas,42447,21904,20543,34259,31242,256,1334,33870,4515,25026,3427,5463,16220,15088,1541,63,17703,2287,16522,14704,13334,9060,9305,8854,3861,2509,10093,12543,39363,29563,28996,9512,28795,9574,41720,33366,6424,3327,3097,4119,3767,42,5299,400,3939,199,555,1880,2662,550,33,2559,1267,2598,1973,1725,962,422,1008,182,17,155,1739,5835,1402,3748,44,3484,501,6153,562,,nor chichas,potosi,potosi,potosi,100,10,potosi,nor chichas,nor chichas,100,,,,,,,,,,,,,False
76,Nor Cinti_Chuquisaca,2012,Bolivia,Chuquisaca,Nor Cinti,77370,39198,38172,65775,55783,166,1995,57851,10395,39914,6745,11677,33132,21118,2245,96,28566,5271,29701,23846,21703,13525,12691,13469,9871,2500,15609,18368,70997,51287,56074,9921,56628,40958,74980,65022,8109,4234,3875,5934,3079,68,6666,619,4968,317,733,2432,3179,890,30,3205,1576,3328,2391,2018,344,384,325,135,106,158,1919,6606,1226,1146,416,1212,475,6859,609,,nor cinti,chuquisaca,chuquisaca,chuquisaca,100,4,chuquisaca,nor cinti,nor cinti,100,,,,,,,,,,,,,False
77,Nor Lípez_Potosi,2012,Bolivia,Potosi,Nor Lípez,14057,6386,7671,8335,9463,566,436,11958,768,9243,390,1022,4234,5913,1539,112,6507,549,5024,4759,4073,2601,2151,3101,1017,498,2507,3639,11028,6619,10073,1699,8427,2847,11952,8009,0,0,0,0,0,0,0,0,0,0,0,0,0,0,0,0,0,0,0,0,0,0,0,0,0,0,0,0,0,0,0,0,0,0,0,,nor lipez,potosi,potosi,potosi,100,11,potosi,nor lipez,nor lipez,100,,,,,,,,,,,,,False
78,Nor Yungas_La Paz,2012,Bolivia,La Paz,Nor Yungas,36327,17726,18601,26785,27001,25734,1447,31030,2175,24720,1172,3016,12621,15351,2137,114,21486,1401,8687,13051,11203,6416,5075,8365,2639,3210,9811,12152,31037,12466,23773,9849,17885,5936,34860,28485,2353,1213,1140,1491,1253,967,2065,120,1688,59,162,562,989,436,31,1243,381,729,892,625,87,100,128,11,66,25,749,1628,208,332,211,240,31,1959,65,,nor yungas,la paz,la paz,la paz,100,16,la paz,nor yungas,nor yungas,100,La Paz,Nor Yungas,-16.1868257,-67.7272907,"Provincia Nor Yungas, La Paz, Bolivia",nor yungas,la paz,0.0,1.0,846654806.58,215.60126354,692.668742221,True
79,Omasuyos_La Paz,2012,Bolivia,La Paz,Omasuyos,84634,43205,41429,77312,73674,77663,3283,69291,9644,54522,7841,12336,27409,35709,3313,144,40407,7652,27504,34896,31574,17343,16999,27031,8675,12320,28923,31796,76504,37379,70660,34724,42540,17327,83157,75590,9302,4670,4632,7561,7203,7621,7892,641,6108,420,898,2499,4460,635,18,3922,1775,3605,3984,3423,1159,1094,1484,442,167,607,3205,7847,2302,3959,503,2782,828,8693,1603,,omasuyos,la paz,la paz,la paz,100,17,la paz,omasuyos,omasuyos,100,,,,,,,,,,,,,False
80,Oropeza_Chuquisaca,2012,Bolivia,Chuquisaca,Oropeza,288039,149954,138085,196232,109790,2179,10829,239206,20798,184472,12388,26491,75348,96810,60347,4124,108485,12917,125483,87216,72861,18265,19423,24838,10000,4499,26570,66238,248715,62278,90311,16552,65360,32647,238213,97782,238798,125342,113456,157622,72270,2081,202682,13443,158690,6942,18102,54463,84051,54534,4008,90457,42543,105798,69770,57079,7485,8849,13535,1633,1897,12909,52069,203428,28478,52402,7634,29343,5219,190511,51764,,oropeza,chuquisaca,chuquisaca,chuquisaca,100,5,chuquisaca,oropeza,oropeza,100,,,,,,,,,,,,,False
81,Pacajes_La Paz,2012,Bolivia,La Paz,Pacajes,55316,26573,28743,49190,46789,48111,2443,47802,3455,37754,2247,4909,20594,23900,1767,71,25031,6727,17314,20915,17547,13432,14306,16879,11213,4523,17685,18096,47086,41520,50793,14953,38930,31604,54306,53203,2026,981,1045,1595,1710,1730,1761,78,1289,30,127,469,1197,41,4,812,397,817,373,346,286,231,286,84,70,348,362,1891,1193,1550,404,1530,398,1974,1882,,pacajes,la paz,la paz,la paz,100,18,la paz,pacajes,pacajes,100,,,,,,,,,,,,,False
82,Pantaleon Dalence_Oruro,2012,Bolivia,Oruro,Pantaleon Dalence,29497,14331,15166,19425,14607,2469,880,24650,1744,18411,845,2487,8512,12512,2790,97,11126,1141,12448,10218,9428,4767,2206,4131,568,446,5354,8292,27418,5648,12678,1406,14890,1248,27142,17034,23085,11198,11887,14948,9697,1022,19481,1152,14529,420,1688,6013,10384,2375,88,8311,4443,10331,7025,6507,2643,819,2031,79,254,3273,5979,21464,2243,6948,847,9150,189,20846,11506,,pantaleon dalence,oruro,oruro,oruro,100,7,oruro,pantaleon dalence,pantaleon dalence,100,,,,,,,,,,,,,False
83,Poopo_Oruro,2012,Bolivia,Oruro,Poopo,16806,8267,8539,12481,9555,870,773,13859,1323,10887,837,1903,5272,6577,1369,66,7384,959,6065,8113,7280,4694,2980,4215,1588,484,4700,6016,15087,6160,10567,1229,11922,3100,15897,11397,3662,1801,1861,2766,1683,97,3047,198,2290,90,334,907,1644,324,23,1279,733,1650,1504,1402,401,211,261,36,48,102,1001,3337,539,866,163,1333,84,3396,316,,poopo,oruro,oruro,oruro,100,8,oruro,poopo,poopo,100,,,,,,,,,,,,,False
84,Punata_Cochabamba,2012,Bolivia,Cochabamba,Punata,54655,28785,25870,46703,33573,274,1736,45665,4288,35622,2903,5638,18745,20390,5091,144,21997,3225,22357,20803,19143,5749,5024,6520,1535,6738,11579,16265,51040,12674,19335,23176,16041,3678,52060,36492,28106,14899,13207,24361,14203,196,24005,1746,18663,1036,2314,8898,11109,3315,78,11287,5032,11787,9925,9225,1350,1724,2022,352,3066,3560,7700,26453,4510,6726,10985,4045,883,26265,12294,,punata,cochabamba,cochabamba,cochabamba,100,12,cochabamba,punata,punata,100,Cochabamba,Punata,-17.5926818,-65.8496605,"Punata, Cochabamba, Bolivia",punata,cochabamba,0.0,1.0,846654806.58,215.60126354,692.668742221,True
85,Quillacollo_Cochabamba,2012,Bolivia,Cochabamba,Quillacollo,336615,173123,163492,223028,130096,14037,9679,285292,18973,219949,8960,25507,94950,133214,49489,2178,134866,14648,137733,99272,84642,14453,18984,35651,5378,34265,29625,80950,290561,59060,129160,132485,48568,15839,298297,106787,287361,148306,139055,184728,99940,13198,245496,14729,190457,6443,20034,74643,117576,44905,2062,114269,52957,120135,82786,69790,8131,12663,26682,2174,26828,16857,67267,246032,40028,98489,104883,28072,6445,250594,62515,,quillacollo,cochabamba,cochabamba,cochabamba,100,13,cochabamba,quillacollo,quillacollo,100,Cochabamba,Quillacollo,-17.3754214,-66.3669373,"Quillacollo, Cochabamba, Bolivia",quillacollo,cochabamba,0.0,1.0,846654806.58,215.60126354,692.668742221,True
86,Rafael Bustillo_Potosi,2012,Bolivia,Potosi,Rafael Bustillo,87272,44349,42923,65249,55707,4792,2538,68542,9238,48907,6370,11427,28804,29191,8136,400,31363,5822,35838,29221,25920,15402,12953,15473,5736,1802,14496,25639,78083,39025,51079,6460,49983,14537,84674,47728,46413,24508,21905,31298,22280,1184,37928,3482,27859,1932,4554,11563,17871,6906,361,15394,9703,21316,16273,14137,5434,4233,5473,1483,236,3415,13715,41051,11880,17391,846,16769,3483,44270,10379,,rafael bustillo,potosi,potosi,potosi,100,12,potosi,rafael bustillo,rafael bustillo,100,Potosi,Rafael Bustillo,-18.333333,-66.5,"Provincia Rafael Bustillo, Potosí, Bolivia",rafael bustillo,potosi,0.0,1.0,846654806.58,215.60126354,692.668742221,True
87,Sabaya_Oruro,2012,Bolivia,Oruro,Sabaya,10924,5289,5635,7617,8593,6608,404,9139,532,7008,143,745,3215,5014,684,29,4058,598,4336,4573,3813,2612,1681,2782,785,354,2819,3073,9078,5410,9654,1202,9055,2610,10583,9761,0,0,0,0,0,0,0,0,0,0,0,0,0,0,0,0,0,0,0,0,0,0,0,0,0,0,0,0,0,0,0,0,0,0,0,,sabaya,oruro,oruro,oruro,100,9,oruro,sabaya,sabaya,100,,,,,,,,,,,,,False
88,Sajama_Oruro,2012,Bolivia,Oruro,Sajama,9391,4521,4870,7552,7709,7771,555,7982,580,6268,353,797,3269,3988,465,25,4009,952,3185,4534,3900,1943,1688,2487,1066,490,2303,2870,7814,4877,7864,1579,5990,3160,8940,7374,0,0,0,0,0,0,0,0,0,0,0,0,0,0,0,0,0,0,0,0,0,0,0,0,0,0,0,0,0,0,0,0,0,0,0,,sajama,oruro,oruro,oruro,100,10,oruro,sajama,sajama,100,,,,,,,,,,,,,False
89,San Pedro de Totora_Oruro,2012,Bolivia,Oruro,San Pedro de Totora,5531,2683,2848,5009,4819,4324,236,4652,336,3626,185,513,1926,2283,256,14,2562,539,1647,2848,2506,1647,1446,1811,1075,234,1841,1882,5046,3926,5291,722,4761,2869,5481,5370,0,0,0,0,0,0,0,0,0,0,0,0,0,0,0,0,0,0,0,0,0,0,0,0,0,0,0,0,0,0,0,0,0,0,0,,san pedro totora,oruro,oruro,oruro,100,11,oruro,san pedro totora,san pedro totora,100,,,,,,,,,,,,,False
90,Sara_Santa Cruz,2012,Bolivia,Santa Cruz,Sara,43171,20196,22975,29048,15739,194,1083,35519,2769,26789,1252,3510,14782,17661,2251,84,16816,2149,16989,11445,10029,2390,4347,6401,2380,6306,6487,9831,37869,15396,25487,26563,8345,7911,39632,25112,23904,11929,11975,18719,8329,79,19954,1303,15171,494,1700,6817,11006,1618,58,8681,5028,10195,5927,5021,439,1277,2269,215,3228,1460,4844,20451,5063,10182,14269,1771,845,20977,6250,,sara,santa cruz,santa cruz,santa cruz,100,10,santa cruz,sara,sara,100,Santa Cruz,Sara,-16.8169453,-63.756577,"Sara, Santa Cruz, Bolivia",sara,santa cruz,0.0,1.0,846654806.58,215.60126354,692.668742221,True
91,Saucari_Oruro,2012,Bolivia,Oruro,Saucari,10149,4958,5191,8498,8043,7675,439,8548,693,6922,425,939,3577,3992,702,47,4839,1090,2894,5891,5491,4067,3334,4006,2610,156,4167,4319,9528,7360,9171,414,9354,5746,9983,9622,0,0,0,0,0,0,0,0,0,0,0,0,0,0,0,0,0,0,0,0,0,0,0,0,0,0,0,0,0,0,0,0,0,0,0,,saucari,oruro,oruro,oruro,100,12,oruro,saucari,saucari,100,,,,,,,,,,,,,False
92,Sebastián Pagador_Oruro,2012,Bolivia,Oruro,Sebastián Pagador,13897,6371,7526,11605,10063,6533,453,11352,1255,8964,845,1538,5061,5002,983,50,6205,1225,4549,5575,5086,3550,2799,3568,1749,158,3366,4476,12803,7887,10643,589,10363,4909,13631,9892,4401,2174,2227,3454,2252,519,3670,306,3010,187,411,1166,1755,593,37,1939,925,1537,1589,1415,493,451,587,123,38,207,1281,4013,1245,1867,143,1424,283,4190,582,,sebastian pagador,oruro,oruro,oruro,100,13,oruro,sebastian pagador,sebastian pagador,100,,,,,,,,,,,,,False
93,Sud Cinti_Chuquisaca,2012,Bolivia,Chuquisaca,Sud Cinti,25333,12790,12543,20718,8895,30,862,19380,3325,13947,2262,3799,11408,6531,953,31,10802,1497,8884,8078,7281,3852,4229,4303,2847,1700,5274,6300,23164,15975,17128,6479,15481,10765,24588,20879,2751,1481,1270,1865,664,11,2202,268,1598,159,338,917,895,300,16,1155,604,992,933,811,157,155,209,65,104,80,697,2413,467,719,372,571,218,2493,270,,sud cinti,chuquisaca,chuquisaca,chuquisaca,100,6,chuquisaca,sud cinti,sud cinti,100,,,,,,,,,,,,,False
94,Sud Yungas_La Paz,2012,Bolivia,La Paz,Sud Yungas,106428,49943,56485,63387,75581,59807,3019,87935,7180,67900,3465,9556,37857,43870,3677,120,58838,4005,26276,41354,35962,21831,22324,32248,16240,11027,31683,37370,92497,56800,89005,32794,58405,39535,102742,87566,9908,5060,4848,5882,5397,4145,8380,554,6349,219,777,2947,4370,791,26,5113,1884,2911,4320,3307,963,1272,2397,748,1072,1045,3657,7587,2656,6023,2949,2083,1519,9123,2569,,sud yungas,la paz,la paz,la paz,100,19,la paz,sud yungas,sud yungas,100,La Paz,Sud Yungas,-16.5,-67.5,"Provincia Sud Yungas, La Paz, Bolivia",sud yungas,la paz,0.0,1.0,846654806.58,215.60126354,692.668742221,True
95,Sur Carangas_Oruro,2012,Bolivia,Oruro,Sur Carangas,7232,3539,3693,6124,6063,6013,350,6069,499,4895,311,664,2523,2894,472,32,3186,691,2459,4436,3831,2582,2047,2543,1349,69,2550,2714,6531,5106,6740,160,6845,3324,7159,6754,0,0,0,0,0,0,0,0,0,0,0,0,0,0,0,0,0,0,0,0,0,0,0,0,0,0,0,0,0,0,0,0,0,0,0,,sur carangas,oruro,oruro,oruro,100,14,oruro,sur carangas,sur carangas,100,,,,,,,,,,,,,False
96,Sur Chichas_Potosi,2012,Bolivia,Potosi,Sur Chichas,56048,28592,27456,34123,39375,696,2358,45734,4354,34642,2529,5580,17097,22183,5011,272,22515,2529,22422,20078,17673,7584,6817,8553,2338,2013,7041,16211,50113,19833,27400,6304,22620,5325,52143,20851,31931,16518,15413,19270,22632,482,26626,2026,20412,1006,2733,7826,13871,3817,226,12683,5833,13415,10475,9184,1929,1513,3131,167,191,464,8464,28363,5014,11481,649,5703,315,28671,1286,,sur chichas,potosi,potosi,potosi,100,13,potosi,sur chichas,sur chichas,100,,,,,,,,,,,,,False
97,Sur Lípez_Potosi,2012,Bolivia,Potosi,Sur Lípez,6835,3312,3523,5318,4513,62,184,5544,478,4152,246,613,2540,2608,246,22,2706,380,2565,2673,2304,1471,1551,1615,695,428,1798,1941,5757,4705,5238,1677,4511,1823,6362,5765,0,0,0,0,0,0,0,0,0,0,0,0,0,0,0,0,0,0,0,0,0,0,0,0,0,0,0,0,0,0,0,0,0,0,0,,sur lipez,potosi,potosi,potosi,100,14,potosi,sur lipez,sur lipez,100,,,,,,,,,,,,,False
98,Tapacarí_Cochabamba,2012,Bolivia,Cochabamba,Tapacarí,24625,12119,12506,22957,21737,6601,565,18159,3875,13086,2954,4505,11288,5967,262,5,10939,2039,7665,9628,8794,7151,6618,7321,5360,881,8077,8106,22521,19042,21877,2954,21240,15362,24382,24284,0,0,0,0,0,0,0,0,0,0,0,0,0,0,0,0,0,0,0,0,0,0,0,0,0,0,0,0,0,0,0,0,0,0,0,,tapacari,cochabamba,cochabamba,cochabamba,100,14,cochabamba,tapacari,tapacari,100,Cochabamba,Tapacarí,-17.5800309,-66.6634005,"Tapacarí, Cochabamba, Bolivia",tapacari,cochabamba,0.0,1.0,846654806.58,215.60126354,692.668742221,True
99,Tiraque_Cochabamba,2012,Bolivia,Cochabamba,Tiraque,42072,20461,21611,31126,32059,398,1027,33723,3838,24842,2250,4865,18299,13229,1118,51,19336,1692,14062,17253,16093,5562,8024,11313,5253,6494,11428,13936,38820,19014,32102,19458,15045,11122,40743,32700,8065,4209,3856,4823,5232,191,6606,591,4808,291,785,2767,3119,490,18,3358,1705,3002,2901,2347,229,527,953,96,377,250,2241,6369,1557,3275,1307,627,256,7527,842,,tiraque,cochabamba,cochabamba,cochabamba,100,15,cochabamba,tiraque,tiraque,100,Cochabamba,Tiraque,-17.1919554,-65.4212254,"Tiraque, Cochabamba, Bolivia",tiraque,cochabamba,0.0,1.0,846654806.58,215.60126354,692.668742221,True
100,Tomas Barron_Oruro,2012,Bolivia,Oruro,Tomas Barron,5267,2599,2668,4017,3608,3707,167,4313,427,3279,257,560,1775,2060,327,10,2266,478,1774,2560,2355,1536,855,1423,349,161,1831,1869,4891,2056,3923,425,4246,796,5145,5046,2626,1392,1234,1737,1508,1532,2160,193,1624,99,258,745,1088,243,8,977,614,1035,1465,1338,730,328,665,69,102,959,989,2401,619,1706,240,1874,113,2532,2454,,tomas barron,oruro,oruro,oruro,100,15,oruro,tomas barron,tomas barron,100,,,,,,,,,,,,,False
101,Tomas Frias_Potosi,2012,Bolivia,Potosi,Tomas Frias,230240,118048,112192,186167,93553,2761,6638,187110,18368,140690,10950,23981,62002,83735,35045,2121,82982,11497,98420,69481,60053,19332,18910,30753,8516,2168,20353,57717,201507,59556,107905,7793,64340,26307,205354,68578,176022,92247,83775,139191,49505,2002,147340,9856,112430,4192,14023,39357,69354,31747,2061,61927,35359,78736,50140,42049,5242,6802,17113,1297,513,4365,41350,150969,21481,63362,1993,18709,3862,151775,16162,,tomas frias,potosi,potosi,potosi,100,15,potosi,tomas frias,tomas frias,100,,,,,,,,,,,,,False
102,Tomina_Chuquisaca,2012,Bolivia,Chuquisaca,Tomina,35556,17533,18023,26901,19668,68,1640,27094,4924,19828,3575,5496,15192,9527,1758,69,14729,1895,13676,11742,10689,5841,6006,5213,4956,1361,6969,9101,32797,22520,19848,5361,22309,19247,34382,27005,5456,2895,2561,3754,1760,24,4413,516,3352,314,624,1774,1848,641,27,2166,1071,2219,2194,1810,333,377,259,92,36,207,1520,4562,1003,899,122,1043,244,4978,667,,tomina,chuquisaca,chuquisaca,chuquisaca,100,7,chuquisaca,tomina,tomina,100,Chuquisaca,Tomina,-19.1851793,-64.4615523,"Tomina, Municipio Tomina, Provincia Tomina, Chuquisaca, Bolivia",tomina,chuquisaca,0.0,1.0,846654806.58,215.60126354,692.668742221,True
103,Vaca Diez_Beni,2012,Bolivia,Beni,Vaca Diez,130836,64084,66752,95031,13975,1743,4205,107144,7327,80390,1658,9048,37455,57592,9838,450,49146,7404,51179,31168,27956,2177,11944,19472,3523,20450,6177,27355,117668,49337,88156,92422,9146,13880,120560,26089,114576,56982,57594,86236,8705,1694,94329,6083,71019,1251,7641,30719,51943,9147,444,42842,25893,45841,26979,24137,1445,8525,15880,1216,17422,2427,23552,102666,35544,73354,79739,6213,4813,104823,10572,,vaca diez,beni,beni,beni,100,6,beni,vaca diez,vaca diez,100,Beni,Vaca Diez,-11.191009,-65.7526288,"Antonio Vaca Díez, Beni, Bolivia",vaca diez,beni,0.0,1.0,846654806.58,215.60126354,692.668742221,True
104,Vallegrande_Santa Cruz,2012,Bolivia,Santa Cruz,Vallegrande,26576,12841,13735,17954,4118,63,1122,22084,1960,17620,1148,2336,9581,10139,1930,116,13062,1265,8665,10384,9346,3154,3726,4370,2216,1575,4430,7657,23935,11218,14273,5281,10113,6693,24888,14204,10158,5290,4868,7112,1624,42,8451,602,6540,274,750,2757,4337,1089,77,4497,1857,3804,3842,3265,203,635,725,108,172,132,2723,8521,1924,2553,646,723,351,8892,475,,vallegrande,santa cruz,santa cruz,santa cruz,100,11,santa cruz,vallegrande,vallegrande,100,Santa Cruz,Vallegrande,-18.6690824,-63.9783069,"Vallegrande, Santa Cruz, Bolivia",vallegrande,santa cruz,0.0,1.0,846654806.58,215.60126354,692.668742221,True
105,Velasco_Santa Cruz,2012,Bolivia,Santa Cruz,Velasco,69828,33828,36000,51389,47657,383,1338,56425,4657,40280,1711,5407,25547,27157,2822,140,25997,2912,28139,16255,14352,1345,8025,9607,4370,11799,9870,13774,61951,37029,45825,56556,5507,20856,64500,47210,30663,15759,14904,23587,18049,297,25247,1699,18297,549,2103,8570,13945,2104,104,10883,6549,13231,7798,6628,141,1612,2510,322,5164,2127,5959,26078,6593,11456,23564,556,1467,26661,9686,,velasco,santa cruz,santa cruz,santa cruz,100,12,santa cruz,velasco,velasco,100,Santa Cruz,Velasco,-15.4407385,-60.8679016,"Velasco, Santa Cruz, Bolivia",velasco,santa cruz,0.0,1.0,846654806.58,215.60126354,692.668742221,True
106,Warnes_Santa Cruz,2012,Bolivia,Santa Cruz,Warnes,108888,53455,55433,75157,28861,2026,3014,89694,6125,66286,2128,8064,34944,45210,7215,272,43040,3867,43269,28422,22927,4316,6884,13607,1574,16579,12208,23751,89399,26045,56885,70823,16528,5752,98489,51389,87217,43457,43760,60069,22300,1952,72106,4501,53465,1386,6094,26314,37207,6396,254,34986,17921,34310,22889,18137,3156,4880,9983,859,12748,7309,18844,70411,18323,41309,54371,11938,3091,77778,30670,,warnes,santa cruz,santa cruz,santa cruz,100,13,santa cruz,warnes,warnes,100,Santa Cruz,Warnes,-17.5100818,-63.1647184,"Municipio Warnes, Provincia Warnes, Santa Cruz, Bolivia",warnes,santa cruz,0.0,1.0,846654806.58,215.60126354,692.668742221,True
107,Yacuma_Beni,2012,Bolivia,Beni,Yacuma,24801,12034,12767,17751,15395,129,566,19884,2052,14558,880,2371,8385,9827,1285,42,10153,935,9343,5097,4698,632,2344,3052,912,2778,3169,4568,22975,11778,16133,15047,3171,4395,23439,16994,12191,6245,5946,10504,8194,89,10040,867,7279,341,1043,3532,5223,1038,33,4726,2498,4967,2666,2456,229,510,978,108,945,940,2340,11331,2314,5128,5060,1149,504,11463,5050,,yacuma,beni,beni,beni,100,7,beni,yacuma,yacuma,100,Beni,Yacuma,-13.7830746,-65.8903957,"Yacuma, Beni, Bolivia",yacuma,beni,0.0,1.0,846654806.58,215.60126354,692.668742221,True
108,Yamparaez_Chuquisaca,2012,Bolivia,Chuquisaca,Yamparaez,27055,13717,13338,22810,20166,83,908,19367,5014,13110,3979,5577,11679,6474,638,37,9505,2085,11465,9299,8394,5289,4813,4386,3571,904,6250,7297,24786,16620,15809,3306,19547,12723,26486,22859,2977,1600,1377,2172,1760,42,2169,514,1410,390,603,1179,726,161,12,1063,678,1236,1046,893,309,261,116,69,15,112,764,2564,867,459,55,1265,280,2806,460,,yamparaez,chuquisaca,chuquisaca,chuquisaca,100,8,chuquisaca,yamparaez,yamparaez,100,,,,,,,,,,,,,False
109,Zudañez_Chuquisaca,2012,Bolivia,Chuquisaca,Zudañez,39589,19620,19969,33622,31561,86,1156,29042,6495,20623,4921,7443,15895,10519,1631,69,14731,2228,16465,11720,10806,5982,6095,5392,4653,1790,7747,9050,36511,24994,22751,7634,25197,19567,38098,32693,7076,3495,3581,5617,4861,50,5775,651,4541,458,801,2129,2559,877,40,2657,1438,2981,1620,1343,398,508,191,144,66,618,1353,5804,2262,791,302,1727,544,6169,2700,,zudanez,chuquisaca,chuquisaca,chuquisaca,100,9,chuquisaca,zudanez,zudanez,100,Chuquisaca,Zudañez,-19.056856,-65.2389503,"Zudañez, Sucre, Municipio Sucre, Provincia Oropeza, Chuquisaca, Bolivia",zudanez,chuquisaca,0.0,1.0,846654806.58,215.60126354,692.668742221,True
110,Ñuflo de Chávez_Santa Cruz,2012,Bolivia,Santa Cruz,Ñuflo de Chávez,116652,55024,61628,74912,57439,1245,2395,94011,8728,67158,4058,10596,43481,43781,4636,132,44857,5272,45803,31002,25117,5368,14062,21769,8189,22464,21365,26921,95513,53251,86306,94372,17514,28532,108213,86228,51001,25605,25396,32295,23570,772,41376,3592,29125,1591,4437,17114,20622,2603,82,18536,11268,21197,13927,10276,1450,3847,8822,1564,10810,5990,11574,38500,14633,35944,44013,5474,6101,46823,24707,,nuflo chavez,santa cruz,santa cruz,santa cruz,100,14,santa cruz,nuflo chavez,nuflo chavez,100,Santa Cruz,Ñuflo de Chávez,-17.7814444,-63.1730457,"Ñuflo de Chávez, Avenida Argomosa, Obrero, Centro, Municipio Santa Cruz de la Sierra, Provincia Andrés Ibáñez, Santa Cruz, Bolivia",nuflo chavez,santa cruz,0.0,1.0,846654806.58,215.60126354,692.668742221,True
